Protein families,count
Other,48867
Peptidase family,2591
G-protein coupled receptor 1 family,2357
Protein kinase superfamily,2222
Cytochrome b family,1606
Globin family,1050
Conotoxin family,1007
Neurotoxin family,971
Krueppel C2H2-type zinc-finger protein family,948
Frog skin active peptide (FSAP) family,766
Small GTPase superfamily,744
Phospholipase family,534
Cytochrome P450 family,512
Three-finger toxin family,489
Nuclear hormone receptor family,469
Class I-like SAM-binding methyltransferase superfamily,377
Major facilitator superfamily,351
Long (4 C-C) scorpion toxin superfamily,346
Short-chain dehydrogenases/reductases (SDR) family,344
Immunoglobulin superfamily,341
Intermediate filament family,340
Protein-tyrosine phosphatase family,337
TRAFAC class myosin-kinesin ATPase superfamily,326
Calycin superfamily,307
Complex I subunit 4L family,305
FARP family,301
BZIP family,282
Actin family,282
DEAD box helicase family,275
Short scorpion toxin superfamily,272
Ubiquitin-conjugating enzyme family,271
Mitochondrial carrier (TC 2.A.29) family,267
AB hydrolase superfamily,260
Periviscerokinin family,257
Insulin family,257
Venom Kunitz-type family,250
Beta-defensin family,247
Ligand-gated ion channel (TC 1.A.9) family,245
Cytochrome c oxidase subunit 2 family,244
Serpin family,226
TGF-beta family,225
ABC transporter superfamily,219
AAA ATPase family,216
Somatotropin/prolactin family,215
G-protein coupled receptor T2R family,214
Pancreatic ribonuclease family,214
Class V-like SAM-binding methyltransferase superfamily,211
G-protein coupled receptor 2 family,205
Methyltransferase superfamily,203
Paired homeobox family,198
Antp homeobox family,197
Venom metalloproteinase (M12B) family,192
TRIM/RBCC family,191
Potassium channel family,187
Cyclin family,186
GST superfamily,185
Pyrokinin family,179
Gastrin/cholecystokinin family,173
Non-disulfide-bridged peptide (NDBP) superfamily,171
"Natriuretic, Bradykinin potentiating peptide family",168
Metallothionein superfamily,164
TRAFAC class translation factor GTPase superfamily,162
Tubulin family,162
Cation transport ATPase (P-type) (TC 3.A.3) family,159
Apolipoprotein A1/A4/E family,159
Glycosyl hydrolase 22 family,157
Protamine P1 family,156
Scoloptoxin family,155
TRAFAC class dynamin-like GTPase superfamily,151
Complex I subunit 2 family,149
Tetraspanin (TM4SF) family,145
G-alpha family,145
Snaclec family,143
Heat shock protein 70 family,141
Metallo-dependent hydrolases superfamily,138
Insect chemoreceptor superfamily,137
Complex I subunit 1 family,136
CRISP family,131
Wnt family,129
Complex I subunit 3 family,126
Type I cytokine receptor family,124
ATPase protein 8 family,124
Adenylyl cyclase class-4/guanylyl cyclase family,122
Small heat shock protein (HSP20) family,121
Helicase family,119
SNF2/RAD54 helicase family,119
Histone H2A family,116
TRAFAC class TrmE-Era-EngA-EngB-Septin-like GTPase superfamily,116
Cytochrome c oxidase subunit 3 family,114
Sulfotransferase 1 family,113
LDH/MDH superfamily,113
Type-B carboxylesterase/lipase family,112
DHHC palmitoyltransferase family,112
Zinc-containing alcohol dehydrogenase family,111
Cystatin family,110
Connexin family,110
Ubiquitin family,109
Complex I subunit 6 family,109
NPY family,108
Tumor necrosis factor family,107
Glutamate-gated ion channel (TC 1.A.10.1) family,107
Glycoprotein hormones subunit beta family,107
Glycosyltransferase 2 family,106
Glucagon family,105
Intercrine beta (chemokine CC) family,104
Class-II aminoacyl-tRNA synthetase family,104
ATP-dependent AMP-binding enzyme family,104
AKH/HRTH/RPCH family,104
Sorting nexin family,104
Splicing factor SR family,103
Abd-B homeobox family,103
Cyclophilin-type PPIase family,102
Class-I aminoacyl-tRNA synthetase family,101
ETS family,101
Beta/gamma-crystallin family,101
Major facilitator (TC 2.A.1) superfamily,100
Nudix hydrolase family,99
Aldehyde dehydrogenase family,99
Heparin-binding growth factors family,99
Heme-copper respiratory oxidase family,97
G-protein coupled receptor 3 family,96
PPP phosphatase family,96
Glycosyltransferase 31 family,96
Histone H2B family,96
Sodium:neurotransmitter symporter (SNF) (TC 2.A.22) family,95
S-100 family,95
POU transcription factor family,95
Cationic peptide family,93
Cyclic nucleotide phosphodiesterase family,93
PI3/PI4-kinase family,92
PBP/GOBP family,92
Histone H1/H5 family,92
MCD family,92
Acetyltransferase family,91
HAD-like hydrolase superfamily,91
ATPase A chain family,90
Tropomyosin family,89
Transient receptor (TC 1.A.4) family,86
Amino acid/polyamine transporter 2 family,86
Complex I subunit 4 family,85
MHC class I family,84
Type-I (or alpha/beta) interferon family,83
Glycosyltransferase 29 family,83
Adenylate kinase family,83
NGF-beta family,83
Cytochrome c family,83
Sea anemone sodium channel inhibitory toxin family,81
Intercrine alpha (chemokine CxC) family,81
MIP/aquaporin (TC 1.A.8) family,81
Caveolin family,80
Alpha-carbonic anhydrase family,80
Alpha-defensin family,80
Claudin family,79
Histone H3 family,79
IL-1 family,79
Small leucine-rich proteoglycan (SLRP) family,79
Annexin family,79
Complex I subunit 5 family,79
ZIP transporter (TC 2.A.5) family,79
Parvalbumin family,79
PP2C family,78
UDP-glycosyltransferase family,77
Recoverin family,77
Amiloride-sensitive sodium channel (TC 1.A.6) family,76
Tachykinin family,76
Bradykinin-related peptide family,75
TCP-1 chaperonin family,75
SRY family,75
IL-6 superfamily,74
Beta-2-microglobulin family,74
Complex I LYR family,74
SNF7 family,74
Cecropin family,72
Syntaxin family,72
Aldo/keto reductase family,72
Toll-like receptor family,71
PMP-22/EMP/MP20 family,70
Fatty acid desaturase type 1 family,70
MAGUK family,70
PDGF/VEGF growth factor family,69
Ubiquitin-activating E1 family,69
Cytidine and deoxycytidylate deaminase family,68
Calmodulin family,68
Cu-Zn superoxide dismutase family,67
Inward rectifier-type potassium channel (TC 1.A.2.1) family,67
14-3-3 family,67
ATP:guanido phosphotransferase family,66
Synaptotagmin family,66
Glutathione peroxidase family,66
Sea anemone potassium channel toxin family,65
Semaphorin family,65
Glycosyl hydrolase 13 family,65
Synaptobrevin family,65
MCM family,64
Arrestin family,64
Tyrosinase family,64
Phosphoglycerate mutase family,64
Vasopressin/oxytocin family,64
Metallo-beta-lactamase superfamily,64
Invertebrate defensin family,63
Cathelicidin family,63
Apolipoprotein C1 family,63
GnRH family,63
Formicidae venom family,63
Bcl-2 family,63
Prion family,63
Nucleotide-sugar transporter family,62
EMP24/GP25L family,62
Glycosyl hydrolase 18 family,61
Flavin monoamine oxidase family,60
Bombinin family,60
Histone deacetylase family,59
Histone H4 family,59
Class-I pyridoxal-phosphate-dependent aminotransferase family,59
Acyl-CoA dehydrogenase family,58
SnRNP Sm proteins family,58
Mab-21 family,58
Integrin alpha chain family,58
Glycoprotein hormones subunit alpha family,57
Actin-binding proteins ADF family,57
Sodium:solute symporter (SSF) (TC 2.A.21) family,56
Sulfatase family,56
Protein disulfide isomerase family,56
G-protein coupled receptor Fz/Smo family,56
Arthropod CHH/MIH/GIH/VIH hormone family,56
Mrp/NBP35 ATP-binding proteins family,56
Ferritin family,56
Enoyl-CoA hydratase/isomerase family,56
Sp1 C2H2-type zinc-finger protein family,55
Band 7/mec-2 family,55
Ammonium transporter (TC 2.A.49) family,55
Ankyrin SOCS box (ASB) family,55
Universal ribosomal protein uS2 family,54
Amino acid-polyamine-organocation (APC) superfamily,54
Neurexin family,54
Prickle / espinas / testin family,54
Monovalent cation:proton antiporter 1 (CPA1) transporter (TC 2.A.36) family,54
1-acyl-sn-glycerol-3-phosphate acyltransferase family,53
NLRP family,53
Glycosyltransferase 10 family,53
CD36 family,53
F-actin-capping protein alpha subunit family,53
Heat shock protein 90 family,53
Small Tim family,53
WD repeat G protein beta family,52
Cation diffusion facilitator (CDF) transporter (TC 2.A.4) family,52
Thiolase-like superfamily,52
Two pore domain potassium channel (TC 1.A.1.8) family,52
Nucleosome assembly protein (NAP) family,52
X(+)/potassium ATPases subunit beta family,51
Membrane-bound acyltransferase family,51
Peroxiredoxin family,51
Group II decarboxylase family,51
G protein gamma family,50
TRAPP small subunits family,50
Osteocalcin/matrix Gla protein family,50
Histidine acid phosphatase family,50
RBR family,50
Eukaryotic ribosomal protein eS1 family,49
MHC class II family,49
XPG/RAD2 endonuclease family,49
Calcitonin family,49
ATPase alpha/beta chains family,49
BPI/LBP/Plunc superfamily,49
Class-V pyridoxal-phosphate-dependent aminotransferase family,49
Calcium channel alpha-1 subunit (TC 1.A.1.11) family,49
Type II (or gamma) interferon family,48
NDK family,48
ARTD/PARP family,48
GLI C2H2-type zinc-finger protein family,48
Long (3 C-C) scorpion toxin superfamily,47
PA-phosphatase related phosphoesterase family,47
Glycosyl hydrolase 56 family,47
Fibrillar collagen family,47
SMC family,47
Adaptor complexes medium subunit family,47
DMRT family,46
Allatostatin family,46
Sirtuin family,46
Cytochrome b5 family,45
Integrin beta chain family,45
Chloride channel (TC 2.A.49) family,45
Dwarfin/SMAD family,45
Sodium channel (TC 1.A.1.10) family,45
Anion exchanger (TC 2.A.31) family,45
Beta-catenin family,45
EIF-2B alpha/beta/delta subunits family,44
LDLR family,44
Peroxidase family,44
Aldolase class II family,43
Argonaute family,43
Glyceraldehyde-3-phosphate dehydrogenase family,43
True venom lectin family,42
Transferrin family,42
Sauvagine/corticotropin-releasing factor/urotensin I family,42
ST7 family,42
Villin/gelsolin family,42
SLC26A/SulP transporter (TC 2.A.53) family,41
EIF-3 subunit D family,41
Long chain scorpion toxin family,41
CD225/Dispanin family,41
Organo anion transporter (TC 2.A.60) family,41
ALB/AFP/VDB family,41
Purine/pyrimidine phosphoribosyltransferase family,40
Pannexin family,40
TCTP family,40
EIF-3 subunit G family,40
ELO family,40
Cullin family,40
Eukaryotic diacylglycerol kinase family,40
E2F/DP family,40
TFS-II family,39
Adenylosuccinate synthetase family,39
Formin homology family,39
P53 family,39
IAP family,39
TRAFAC class YlqF/YawG GTPase family,39
Class-I pyridine nucleotide-disulfide oxidoreductase family,39
Ca(2+):cation antiporter (CaCA) (TC 2.A.19) family,39
Dynein heavy chain family,39
TRAFAC class OBG-HflX-like GTPase superfamily,38
Cuticular collagen family,38
WD repeat LIS1/nudF family,38
Enolase family,38
IL-10 family,38
Class IV-like SAM-binding methyltransferase superfamily,38
Turandot family,38
IL-2 family,38
TBP family,37
XK family,37
Distal-less homeobox family,37
CTL (choline transporter-like) family,37
Nucleotide pyrophosphatase/phosphodiesterase family,37
Tubulin--tyrosine ligase family,37
PRAME family,37
Anamorsin family,37
GDA1/CD39 NTPase family,36
YIP1 family,36
SLC12A transporter family,36
Apolipoprotein C2 family,36
Protease inhibitor I35 (TIMP) family,36
Eukaryotic ribosomal protein eL8 family,36
Calponin family,36
NAD(P)-dependent epimerase/dehydratase family,36
IL-4/IL-13 family,36
Glycosyltransferase 14 family,36
Bombesin/neuromedin-B/ranatensin family,36
Carnitine/choline acetyltransferase family,36
CCR4/nocturin family,36
Class-II pyridoxal-phosphate-dependent aminotransferase family,36
Venom waprin family,35
Thioredoxin family,35
FMO family,35
3-beta-HSD family,35
Secretoglobin family,35
Prefoldin subunit beta family,35
Troponin C family,35
Glycosyltransferase 11 family,35
Clp1 family,35
Ntn-hydrolase family,35
Shisa family,35
Hedgehog family,35
N-acetylmuramoyl-L-alanine amidase 2 family,35
STXBP/unc-18/SEC1 family,35
FXYD family,35
EIF-3 subunit E family,34
Transcription factor STAT family,34
CREC family,34
Queuine tRNA-ribosyltransferase family,34
Eukaryotic ribosomal protein eS21 family,34
Universal ribosomal protein uL22 family,34
Adaptor complexes large subunit family,34
HMGB family,34
Actinoporin family,34
PIH1 family,34
Disintegrin family,34
Cornifin (SPRR) family,34
DNA2/NAM7 helicase family,34
Isocitrate and isopropylmalate dehydrogenases family,33
Dicarboxylate/amino acid:cation symporter (DAACS) (TC 2.A.23) family,33
Type II cytokine receptor family,33
TALE/IRO homeobox family,33
Radical SAM superfamily,33
Nectin family,33
Sterol desaturase family,33
FHIP family,33
RFX family,33
RRM NCBP2 family,33
Carbon-nitrogen hydrolase superfamily,33
CISD protein family,33
Interleukin-1 receptor family,33
CELF/BRUNOL family,33
SDHAF2 family,33
Glycosyltransferase 8 family,33
EIF-3 subunit F family,33
Tim17/Tim22/Tim23 family,33
MS4A family,32
TNFAIP8 family,32
Nematode receptor-like protein sra family,32
Importin beta family,32
PDE6D/unc-119 family,32
GatC family,32
Eukaryotic ribosomal protein eS4 family,32
NDRG family,32
Class I fructose-bisphosphate aldolase family,32
Thymosin beta family,32
TPT transporter family,32
ADIPOR family,32
Glycosyltransferase 7 family,32
Major royal jelly protein family,32
DNA polymerase type-B-like family,32
Patched family,31
LIMR family,31
Ephrin family,31
Triosephosphate isomerase family,31
Cytochrome c oxidase VIII family,31
AVIT (prokineticin) family,31
Transglutaminase superfamily,31
NARF family,31
NnrE/AIBP family,30
EGR C2H2-type zinc-finger protein family,30
DP1 family,30
NK-2 homeobox family,30
Calreticulin family,30
Somatostatin family,30
Plexin family,30
EIF-3 subunit I family,30
Endothelin/sarafotoxin family,30
ClpA/ClpB family,30
Iodothyronine deiodinase family,30
Thrombospondin family,30
Endophilin family,30
Inositol 1,30
TUB family,30
Copine family,30
Eukaryotic ribosomal protein eL15 family,30
Adaptor complexes small subunit family,30
Phosphatase 2A regulatory subunit B family,30
ATG8 family,30
AlkB family,30
IRF family,30
Complement C6/C7/C8/C9 family,30
Diacylglycerol acyltransferase family,29
ANP32 family,29
ROX family,29
Vinculin/alpha-catenin family,29
Biopterin-dependent aromatic amino acid hydroxylase family,29
Glycosyltransferase 6 family,29
Inositol monophosphatase superfamily,29
Ergtoxin family,29
Cyclic nucleotide-gated cation channel (TC 1.A.1.5) family,29
Bile acid:sodium symporter (BASS) (TC 2.A.28) family,29
POMC family,29
Profilin family,29
Importin alpha family,29
SelWTH family,29
EIF-3 subunit H family,29
Steroid 5-alpha reductase family,29
Yippee family,29
ZP domain family,29
SAA family,28
Hook family,28
Eukaryotic ribosomal protein eL18 family,28
MIF family,28
COQ4 family,28
Glycosyltransferase group 1 family,28
Apolipoprotein C4 family,28
Troponin I family,28
NOS family,28
Speedy/Ringo family,28
MOB1/phocein family,28
Exportin family,28
WD repeat WDR12/YTM1 family,28
Gamma type-C retroviral envelope protein family,28
EIF-3 subunit J family,28
WD repeat CIA1 family,28
Zyxin/ajuba family,27
TMC family,27
Corazonin family,27
Xanthine dehydrogenase family,27
Amidase family,27
MAL family,27
CDP-alcohol phosphatidyltransferase class-I family,27
Tenascin family,27
Metallophosphoesterase superfamily,27
Universal ribosomal protein uS15 family,27
GAGE family,27
Stathmin family,27
EIF-3 subunit M family,27
Transthyretin family,27
UFM1 family,27
Class-III pyridoxal-phosphate-dependent aminotransferase family,27
MAPEG family,27
EIF-3 subunit L family,27
FKBP-type PPIase family,27
FGGY kinase family,27
Myelin proteolipid protein family,26
EIF-3 subunit C family,26
CNF-like-inhibitor family,26
Alpha-casein family,26
Tryptophan 2,26
Nematode receptor-like protein srd family,26
SIX/Sine oculis homeobox family,26
UFL1 family,26
Lysyl oxidase family,26
EPO/TPO family,26
ArsA ATPase family,26
Pescadillo family,26
Syndecan proteoglycan family,26
Tektin family,26
Ribose-phosphate pyrophosphokinase family,26
Lipoxygenase family,26
OSBP family,26
WD repeat coronin family,26
Synuclein family,26
Eukaryotic ribosomal protein eL38 family,25
Eukaryotic ribosomal protein eL24 family,25
ITIH family,25
Apolipoprotein A2 family,25
Sideroflexin family,25
FAM83 family,25
LAMP family,25
Peroxisomal membrane protein PXMP2/4 family,25
CTU2/NCS2 family,25
RecA family,25
Phosphofructokinase type A (PFKA) family,25
EIF-3 subunit K family,25
Calcineurin regulatory subunit family,25
BI1 family,25
HMGN family,25
Pentraxin family,25
IMPDH/GMPR family,25
Anion channel-forming bestrophin (TC 1.A.46) family,25
ENY2 family,25
Flavoprotein pyridine nucleotide cytochrome reductase family,25
Chloride channel CLIC family,25
CAF1 family,25
EF-1-beta/EF-1-delta family,25
EIF-3 subunit A family,25
Eukaryotic mitochondrial porin family,25
Eukaryotic ribosomal protein eL32 family,25
Msh homeobox family,25
WD repeat BOP1/ERB1 family,24
SNAP-25 family,24
WD repeat WDR48 family,24
CCN family,24
Eukaryotic ribosomal protein P1/P2 family,24
Universal ribosomal protein uS3 family,24
Acyl-CoA oxidase family,24
P2X receptor family,24
DRAM/TMEM150 family,24
Hexokinase family,24
Nematode receptor-like protein srg family,24
Gamma-glutamylcyclotransferase family,24
DAN family,24
CAMP-dependent kinase regulatory chain family,24
ERD2 family,24
RRM elav family,24
Universal ribosomal protein uL18 family,24
Universal ribosomal protein uL10 family,24
Citrate synthase family,24
Eukaryotic initiation factor 4E family,24
Carotenoid oxygenase family,23
Fic family,23
SPATA31 family,23
Venom protein 11 family,23
EIF-3 subunit B family,23
Multicopper oxidase family,23
Chorion protein family,23
Janus family,23
TM2 family,23
Motilin family,23
Polycystin family,23
ARS2 family,23
WD repeat RBAP46/RBAP48/MSI1 family,23
Peroxiredoxin-like PRXL2 family,23
NCBP1 family,23
PNMA family,23
Glycosyltransferase 47 family,23
SGF11 family,23
FAST kinase family,23
Glypican family,23
Anoctamin family,23
FAM90 family,23
DOCK family,23
Maelstrom family,23
Troponin T family,23
Phosducin family,23
Transferase hexapeptide repeat family,23
U1 small nuclear ribonucleoprotein C family,23
Dynein light chain Tctex-type family,23
WD repeat Groucho/TLE family,23
DNase I family,23
'GDSL' lipolytic enzyme family,23
Leptin family,23
Cytochrome c oxidase subunit 5A family,23
FBXO45/Fsn family,23
Sulfotransferase 2 family,23
Grh/CP2 family,23
SecY/SEC61-alpha family,23
SCAMP family,23
Parathyroid hormone family,23
Universal ribosomal protein uL16 family,23
URM1 family,22
Gfo/Idh/MocA family,22
Fibril-associated collagens with interrupted helices (FACIT) family,22
IL-15/IL-21 family,22
PNP/MTAP phosphorylase family,22
SHOC2 family,22
WD repeat PROPPIN family,22
HesA/MoeB/ThiF family,22
Tropomodulin family,22
MINDY deubiquitinase family,22
Alpha-actinin family,22
Casein kinase 2 subunit beta family,22
Uridine kinase family,22
Universal ribosomal protein uS14 family,22
SPC25 family,22
CDC42SE/SPEC family,22
JHDM1 histone demethylase family,22
TtcA family,22
MoaE family,22
Hemerythrin family,22
Phosphoglycerate kinase family,22
DDRGK1 family,22
LHFP family,22
EMX homeobox family,22
Ikaros C2H2-type zinc-finger protein family,22
Cornichon family,22
HSF family,22
ELL/occludin family,22
Rab GDI family,22
Penaeidin family,22
PtdIns transfer protein family,22
Alpha-ketoglutarate dehydrogenase family,22
5'(3')-deoxyribonucleotidase family,22
Glycerophosphoryl diester phosphodiesterase family,22
Universal ribosomal protein uS12 family,22
CUT homeobox family,22
Eukaryotic release factor 1 family,22
RNase PH family,22
NPC2 family,21
DNA polymerase type-X family,21
Myelin P0 protein family,21
Engrailed homeobox family,21
Glutamine synthetase family,21
Lyase 1 family,21
DPH1/DPH2 family,21
ADP-ribosylglycohydrolase family,21
SH3BGR family,21
Perilipin family,21
BTG family,21
DAMOX/DASOX family,21
NudE family,21
Acylphosphatase family,21
Protamine P2 family,21
WD repeat TRM82 family,21
Dynein light chain family,21
Schlafen family,21
Pyrroline-5-carboxylate reductase family,21
Glycosyltransferase 61 family,21
Inositol phosphokinase (IPK) family,21
VPS26 family,21
'GDXG' lipolytic enzyme family,21
TDE1 family,21
Glycosyltransferase 54 family,21
Glucosamine/galactosamine-6-phosphate isomerase family,21
D-isomer specific 2-hydroxyacid dehydrogenase family,21
NOTCH family,21
Acireductone dioxygenase (ARD) family,21
C/M/P thioester hydrolase family,21
Selectin/LECAM family,21
TSC-22/Dip/Bun family,21
Dynein intermediate chain family,21
CBF/MAK21 family,21
GARIN family,21
MPI phosphatase family,21
Fibulin family,21
Chemokine-like factor family,21
V-ATPase proteolipid subunit family,21
Tdpoz family,21
Complexin/synaphin family,21
Pex2/pex10/pex12 family,21
TALE/MEIS homeobox family,21
